Month,Longitude,Latitude,Location,Crime.type,postcode
2016-11,-6.272573,54.860808,EDWARD STREET,Anti-social behaviour,BT666DD
2016-03,-6.74201,54.647632,UNION STREET,Anti-social behaviour,BT536HT
2017-07,-5.902077,54.54348,BALLYLENAGHAN PARK,Violence and sexual offences,BT86WP
2015-04,-6.669007,54.696136,NORTHLAND DRIVE,Violence and sexual offences,BT487JS
2015-06,-7.314786,54.61236,CLONMORE GARDENS,Anti-social behaviour,BT797XB
2017-02,-5.842724,54.706253,TROOPERSLANE ROAD,Anti-social behaviour,BT388PG
2016-09,-5.86919,54.596528,KINCORA AVENUE,Anti-social behaviour,BT43DW
2015-07,-5.925779,54.586208,DUDLEY STREET,Criminal damage and arson,BT71GW
2015-08,-7.349926,54.995391,BLIGH'S LANE,Criminal damage and arson,
2017-01,-5.910271,54.590865,RAVENHILL ROAD,Drugs,BT68EF
2016-01,-5.810855,54.724658,SALIA AVENUE,Violence and sexual offences,BT388NG
2017-01,-7.326428,55.039108,LOWER GALLIAGH ROAD,Violence and sexual offences,BT488LN
2017-08,-5.933083,54.595336,BRUNSWICK STREET,Anti-social behaviour,BT27GE
2015-12,-6.217936,54.620774,CIDERCOURT ROAD,Anti-social behaviour,BT294RX
2016-01,-7.353069,54.959315,PRIMITY GARDENS,Violence and sexual offences,BT472RG
2017-07,-7.323011,55.001523,ASYLUM ROAD,Criminal damage and arson,BT487DL
2016-08,-5.977698,54.622093,GLENBANK DRIVE,Anti-social behaviour,BT148BJ
2015-09,-6.211545,54.816288,KILGAD ROAD,Anti-social behaviour,BT423HY
2017-06,-5.947632,54.633375,UPPER CAVEHILL ROAD,Anti-social behaviour,BT155EZ
2016-06,-6.280104,54.867554,FOUNTAIN PLACE,Anti-social behaviour,BT436DX
2016-09,-5.93432,54.579454,STRANMILLIS PARK,Shoplifting,BT95AU
2016-09,-5.94863,54.593256,RODEN WAY,Criminal damage and arson,BT125RE
2017-03,-6.655919,54.351032,DAWSON STREET,Violence and sexual offences,BT617QT
2015-04,-5.877657,54.601547,HOLYWOOD ROAD,Anti-social behaviour,BT41NT
2016-08,-6.737384,54.650934,BEECHWAY,Criminal damage and arson,BT808LG
2015-12,-6.562721,55.068345,BALLYNACREE AVENUE,Violence and sexual offences,BT537PQ
2015-10,-5.667276,54.663573,HIGH STREET,Violence and sexual offences,BT248AB
2017-10,-5.893638,54.222905,BURRENVIEW WAY,Anti-social behaviour,BT330JQ
2016-10,-6.275819,54.868688,THOMAS STREET,Criminal damage and arson,BT701HN
2017-04,-5.929306,54.600232,ROSEMARY STREET,Drugs,BT11QB
2016-08,-6.410485,54.180636,MAIN STREET,Violence and sexual offences,BT936HW
2015-01,-6.35134,54.239617,GLEN ROAD,Burglary,BT118BU
2016-05,-5.922319,54.584882,RUTLAND STREET,Shoplifting,BT72FJ
2016-09,-6.026317,54.517161,LEAMINGTON PLACE,Violence and sexual offences,BT274UL
2017-07,-6.517932,54.81058,SPRINGFIELD PARK,Violence and sexual offences,BT133PZ
2016-07,-7.318823,54.996883,FOYLE STREET,Anti-social behaviour,BT486XY
2016-12,-6.768934,54.504545,MARKET SQUARE,Anti-social behaviour,BT414DN
2016-03,-5.919676,54.654902,LONGWOOD ROAD,Anti-social behaviour,BT379UH
2017-10,-5.946786,54.666443,COLLINWARD AVENUE,Anti-social behaviour,BT366DY
2017-09,-6.676073,55.13183,STRAND ROAD,Anti-social behaviour,BT487AD
2017-07,-6.152781,54.554901,KILLULTAGH ROAD,Violence and sexual offences,BT282RA
2016-06,-6.897787,54.673585,CORVANAGHAN ROAD,Vehicle crime,BT809TW
2015-10,-5.923835,54.617722,YORK ROAD,Criminal damage and arson,BT153GU
2015-05,-5.712947,54.337684,STRANGFORD ROAD,Criminal damage and arson,BT306SL
2016-08,-5.899128,54.594823,LORD STREET,Anti-social behaviour,BT54QH
2017-08,-7.347624,54.994741,RINMORE DRIVE,Violence and sexual offences,BT489TH
2017-01,-6.441213,54.422032,SANDY ROW,Anti-social behaviour,BT125EU
2015-03,-5.897518,54.402772,HIGH STREET,Anti-social behaviour,BT248AB
2017-05,-5.935089,54.608579,PIM STREET,Burglary,BT152BN
2015-12,-5.969975,54.58907,ROCKMOUNT STREET,Violence and sexual offences,BT127PE
2015-04,-5.933519,54.609028,CARLISLE TERRACE,Criminal damage and arson,BT152PR
2015-02,-5.899606,54.589144,HATTON DRIVE,Anti-social behaviour,BT69BD
2016-11,-6.350574,54.156137,PATRICIAN PARK,Anti-social behaviour,BT358NF
2015-04,-5.883984,54.590256,GREENVILLE ROAD,Anti-social behaviour,BT55EP
2017-07,-7.282736,54.59719,WINTERS GROVE,Other crime,BT790EF
2015-05,-5.928221,54.608794,EARL CLOSE,Shoplifting,BT151DF
2015-11,-5.716178,54.329325,CHURCH AVENUE,Violence and sexual offences,BT330NB
2016-09,-5.93765,54.586411,ABERCORN STREET,Anti-social behaviour,BT96UD
2016-02,-5.915143,54.596349,LAGANBANK ROAD,Violence and sexual offences,BT13LT
2015-11,-5.920727,54.578475,BLACKWOOD STREET,Anti-social behaviour,BT73AS
2015-07,-6.329634,54.748192,DRUMMAUL PARK,Violence and sexual offences,BT413AS
2017-12,-5.92641,54.601179,HILL STREET,Anti-social behaviour,BT12LB
2016-02,-5.799835,54.601361,GRANGEWOOD ROAD,Anti-social behaviour,BT161GB
2017-11,-7.31798,54.995944,FOYLE STREET,Violence and sexual offences,BT486XY
2016-02,-5.933119,54.58088,PRETORIA STREET,Anti-social behaviour,BT95AQ
2015-05,-6.510913,55.070669,QUEEN STREET,Shoplifting,BT422BQ
2015-09,-6.135163,54.55446,MOSS ROAD,Vehicle crime,BT222DS
2017-07,-5.810842,54.855767,GLENARM ROAD,Possession of weapons,BT401DS
2017-03,-5.936137,54.625497,SKEGONEILL AVENUE,Violence and sexual offences,BT153JP
2017-03,-7.524101,54.735534,FOLLIARD ROAD,Criminal damage and arson,BT829LU
2017-02,-6.280447,54.874504,BAILIE CLOSE,Other theft,BT436JW
2015-08,-6.339799,54.173671,MILL STREET,Anti-social behaviour,BT941GR
2017-04,-5.948278,54.61379,OLDPARK ROAD,Violence and sexual offences,BT146QS
2015-08,-6.711299,55.184471,LEVER PARK,Anti-social behaviour,BT557ES
2017-12,-6.27196,54.860575,CASTLE GARDENS,Anti-social behaviour,BT490SD
2016-01,-5.807971,54.716824,ST. BRIDES STREET,Anti-social behaviour,
2017-06,-6.274335,54.884093,MILLFIELD,Anti-social behaviour,BT436PB
2016-08,-5.646775,54.645493,ONSLOW DRIVE,Other theft,BT197HQ
2017-03,-6.743916,54.634544,GORTALOWRY PARK,Violence and sexual offences,BT808JJ
2016-08,-5.646775,54.645493,ONSLOW DRIVE,Anti-social behaviour,BT197HQ
2015-09,-6.663233,54.339883,GREENPARK MANOR,Violence and sexual offences,BT604EP
2017-07,-5.913949,54.618181,NORTHERN ROAD,Vehicle crime,BT39AL
2017-01,-5.887017,54.213831,DONARD PLACE,Burglary,BT344BU
2017-05,-6.219045,54.807423,TEMPLEMOYLE,Anti-social behaviour,BT423LG
2015-07,-6.033432,54.51468,WESLEY STREET,Criminal damage and arson,BT274TB
2015-04,-5.933343,54.54896,GRAYS PARK AVENUE,Burglary,BT87QE
2015-04,-6.447077,54.42218,WEST STREET,Violence and sexual offences,BT389HR
2015-02,-5.837975,54.860359,GREEN DRIVE,Anti-social behaviour,BT402ER
2015-05,-6.215194,54.620464,MAIN STREET,Violence and sexual offences,BT936HW
2017-11,-5.702351,54.595523,WEST STREET,Anti-social behaviour,BT389HR
2017-08,-5.947738,54.666935,ELMFIELD CRESCENT,Other theft,BT366EB
2017-04,-6.181398,54.388263,GOWDYSTOWN ROAD,Criminal damage and arson,BT324HH
2017-08,-6.341334,54.464582,SHANKILL STREET,Vehicle crime,BT666EH
2016-04,-5.44131,54.460802,NEW ROAD,Anti-social behaviour,BT221EN
2016-02,-5.903971,54.593021,UPPER FRANK STREET,Bicycle theft,BT54NR
2017-01,-5.851476,54.489731,BALLYKNOCKAN ROAD,Other theft,BT236NR
2016-04,-5.969458,54.554675,UPPER MALONE PARK,Anti-social behaviour,BT96PP
2015-04,-5.505416,54.587156,BALLYWALTER ROAD,Violence and sexual offences,BT222HS
2017-03,-5.937639,54.584479,ELMWOOD AVENUE,Criminal damage and arson,BT96AZ
2016-09,-5.892228,54.575943,DOWNSHIRE PARADE,Anti-social behaviour,BT69JR
2016-03,-6.027607,54.511225,ASHMOUNT PARK,Anti-social behaviour,BT275DG
2017-09,-6.032915,54.561403,GLENKEEN,Vehicle crime,BT413JX
2016-04,-5.652543,54.643808,NAVAR DRIVE,Other theft,BT197SW
2015-06,-5.925292,54.587566,POWERSCOURT PLACE,Anti-social behaviour,BT71FX
2015-06,-6.65847,55.147565,KENBANE AVENUE,Anti-social behaviour,BT522QN
2017-05,-6.269187,54.862413,TROSTAN AVENUE,Anti-social behaviour,BT437BL
2017-11,-5.894829,54.58128,THE VILLAGE GREEN,Other theft,BT473WB
2015-08,-5.989491,54.596781,NEW BARNSLEY CRESCENT,Criminal damage and arson,BT127HT
2017-03,-6.652293,54.345754,DOBBIN STREET,Violence and sexual offences,BT617QQ
2016-12,-6.576568,54.193541,POUND COURT,Anti-social behaviour,BT350HU
2015-05,-5.904024,54.230068,TOLLYMORE ROAD,Anti-social behaviour,BT330JN
2015-08,-6.598351,54.750725,KILLOWEN DRIVE,Anti-social behaviour,BT456DT
2017-08,-5.927653,54.600778,WARING STREET,Other theft,BT424BU
2016-06,-6.293999,54.878612,COLLINWOOD,Anti-social behaviour,BT436NJ
2015-03,-6.940825,54.594707,PARK VIEW,Anti-social behaviour,BT458AT
2016-03,-6.51787,55.071356,HIGH STREET,Violence and sexual offences,BT248AB
2015-09,-5.824067,54.590711,ARDCARN DRIVE,Violence and sexual offences,BT57RS
2016-04,-7.357531,54.183242,GALLOON GARDENS,Anti-social behaviour,BT928GT
2017-10,-6.053466,54.510045,GOVERNORS RD ROUNDABOUT,Anti-social behaviour,
2015-01,-5.956184,54.578981,FALCON ROAD,Criminal damage and arson,BT126RD
2016-02,-5.644698,54.642838,BEXLEY GREEN,Violence and sexual offences,BT197TP
2015-12,-5.982663,54.599668,SPRINGFIELD CLOSE,Violence and sexual offences,BT133QY
2017-10,-5.919596,54.607639,PILOT STREET,Drugs,BT13EZ
2016-12,-5.931611,54.689905,BALLYFORE GARDENS,Anti-social behaviour,BT366XY
2016-07,-7.577971,54.684576,SIMPSON PARK,Anti-social behaviour,BT817QG
2017-04,-5.648908,54.398644,SHORE STREET,Anti-social behaviour,BT309QJ
2015-10,-6.18698,54.710663,FIRMOUNT DRIVE,Criminal damage and arson,BT411JN
2017-01,-5.668087,54.588802,GREENLEA CRESCENT,Anti-social behaviour,BT238WA
2016-07,-6.311431,54.461508,BIRCHDALE MANOR,Anti-social behaviour,BT667SY
2015-10,-5.936724,54.623683,GLANDORE AVENUE,Burglary,BT153FB
2017-06,-5.955593,54.67688,COOLEHILL PARK,Anti-social behaviour,BT365AA
2015-09,-6.03669,54.517267,BELSIZE ROAD,Anti-social behaviour,BT274BS
2015-06,-7.327805,54.998936,CREGGAN STREET,Bicycle theft,BT489AP
2016-01,-5.929999,54.551185,DOWNHILL WALK,Other theft,BT87ED
2015-04,-6.283153,54.864713,HOPE STREET,Anti-social behaviour,BT435EE
2017-06,-5.911809,54.590748,PARK PARADE,Violence and sexual offences,BT68GG
2017-04,-5.945334,54.688135,FAIRVIEW PARADE,Anti-social behaviour,BT366PU
2016-07,-6.03365,54.697606,MILLBANK ROAD,Other theft,BT390AS
2015-09,-7.315645,54.498411,MAIN STREET,Criminal damage and arson,BT936HW
2017-09,-5.711553,54.327351,FOUNTAIN COURT,Anti-social behaviour,BT306HT
2015-08,-6.497753,54.357675,BALLYBREAGH ROAD,Criminal damage and arson,BT623SZ
2017-08,-6.041173,54.556514,WHITE GLEN,Anti-social behaviour,BT170XN
2015-06,-5.694948,54.606039,FALCON HEIGHTS,Anti-social behaviour,BT234GF
2017-08,-5.923846,54.11164,LONGSTONE ROAD,Anti-social behaviour,BT344UZ
2017-03,-5.956434,54.596856,MALCOLMSON STREET,Criminal damage and arson,BT132RG
2016-07,-6.187521,54.108893,KILBRONEY ROAD,Violence and sexual offences,BT343BW
2015-09,-7.323437,55.017066,BUNCRANA ROAD,Other crime,BT488LB
2017-10,-7.4588,54.834863,DERRY ROAD,Anti-social behaviour,BT828LD
2016-02,-5.927783,54.597923,ARTHUR PLACE,Shoplifting,BT14HG
2017-05,-6.053988,54.51433,BENSON STREET,Anti-social behaviour,BT282AD
2016-04,-6.65378,54.344486,FRIARY ROAD,Anti-social behaviour,BT538XZ
2016-01,-5.925203,54.602102,VICTORIA STREET,Criminal damage and arson,BT679DG
2016-05,-5.930334,54.599189,CASTLE STREET,Violence and sexual offences,BT307QQ
2015-02,-5.836919,54.861176,BALLYCRAIGY RING,Anti-social behaviour,BT402EY
2016-05,-5.440825,54.462895,SPRINGFIELD GARDENS,Violence and sexual offences,BT221ES
2017-09,-5.93032,54.601597,NORTH STREET,Burglary,BT341DB
2017-05,-6.525523,55.19815,BALLYNESS PARK,Anti-social behaviour,BT513RR
2017-05,-6.24133,54.329241,RATHFRILAND ROAD,Other theft,BT341LD
2016-08,-6.336261,54.171376,CRONIN PARK,Anti-social behaviour,BT342BZ
2015-04,-6.775254,54.500719,BEECHVALLEY,Other theft,BT717BN
2017-09,-7.324586,54.499027,DROMORE ROAD,Anti-social behaviour,BT667NR
2016-04,-6.669696,55.131689,NEW ROW,Shoplifting,BT521AF
2017-04,-5.931513,54.599137,CASTLE STREET,Violence and sexual offences,BT307QQ
2017-08,-6.44726,54.431589,CHURCHILL PARK,Anti-social behaviour,BT621EX
2017-03,-5.950252,54.581306,MEADOWBANK STREET,Violence and sexual offences,BT97FG
2016-08,-5.988564,54.5754,SOUTH LINK,Violence and sexual offences,BT118GX
2017-05,-6.32879,54.854929,GALGORM ROAD,Anti-social behaviour,BT421AA
2016-06,-7.322244,54.996974,WATERLOO STREET,Anti-social behaviour,BT486HE
2016-08,-6.717733,55.183093,CHURCH STREET,Criminal damage and arson,BT343HN
2017-03,-7.421739,54.72757,DEERPARK ROAD,Violence and sexual offences,BT147PX
2015-03,-7.490945,54.616329,MILL COTTAGES,Anti-social behaviour,BT557GB
2015-06,-5.896971,54.556222,NEWTON PARK,Anti-social behaviour,BT86LL
2015-05,-7.287918,54.988891,PELHAM ROAD,Possession of weapons,BT476FF
2015-02,-6.002595,54.059698,IRVINGTON PARK,Violence and sexual offences,BT344LX
2015-10,-5.441228,54.463604,LAWSON AVENUE,Anti-social behaviour,BT221EU
2016-09,-5.715611,54.322926,THOMAS RUSSELL PARK,Anti-social behaviour,BT306NH
2016-12,-5.901776,54.600809,MCARTHUR COURT,Anti-social behaviour,BT41BA
2017-07,-5.9336,54.5946,AMELIA STREET,Anti-social behaviour,BT27GS
2016-09,-5.921608,54.576972,HAYWOOD AVENUE,Violence and sexual offences,BT73EU
2015-12,-5.920936,54.606863,CLARENDON ROAD,Vehicle crime,BT13BG
2016-04,-5.948768,54.633897,SHANLIEVE PARK,Criminal damage and arson,BT148JE
2015-05,-5.862007,54.595692,GREENWOOD AVENUE,Anti-social behaviour,BT234HJ
2015-10,-5.966384,54.568595,BALMORAL AVENUE,Violence and sexual offences,BT96NY
2017-09,-5.920877,54.592531,MCAULEY STREET,Bicycle theft,BT72BP
2016-07,-7.732829,54.309219,SLIGO ROAD,Other theft,BT747JZ
2015-08,-6.552311,54.3718,MAIN STREET,Violence and sexual offences,BT936HW
2015-03,-5.851476,54.489731,BALLYKNOCKAN ROAD,Anti-social behaviour,BT236NR
2016-10,-6.757754,54.503649,KILLYMAN ROAD,Anti-social behaviour,BT716LN
2017-03,-5.81549,54.85276,AGNEW STREET,Violence and sexual offences,BT401RF
2015-07,-5.934552,54.604203,TYRONE STREET,Burglary,BT131BD
2015-06,-7.630614,54.340481,DERRYCHARA ROAD,Burglary,BT746JF
2015-10,-5.896274,54.208763,SLIEVENAMADDY AVENUE,Anti-social behaviour,BT330DT
2016-01,-7.281092,54.992309,SEVENOAKS,Violence and sexual offences,BT476BD
2017-10,-6.690031,54.4935,DRUMASPIL ROAD,Drugs,BT716HZ
2017-07,-6.67224,55.132525,QUEEN STREET,Burglary,BT422BQ
2016-05,-5.898413,54.577775,BURREN WAY,Anti-social behaviour,BT60DW
2016-06,-6.519014,55.073014,CHARLES STREET,Anti-social behaviour,BT666HG
2015-04,-6.331857,54.459447,TRASNA WAY,Anti-social behaviour,BT920LU
2015-06,-7.31798,54.995944,FOYLE STREET,Bicycle theft,BT486XY
2016-09,-7.274402,55.045276,CULMORE ROAD,Criminal damage and arson,BT488JH
2017-12,-5.921608,54.576972,HAYWOOD AVENUE,Anti-social behaviour,BT73EU
2016-05,-5.934882,54.589437,DONEGALL ROAD,Violence and sexual offences,BT126HN
2015-08,-6.413146,54.356484,BALLYBEG PARK,Anti-social behaviour,BT622AH
2015-02,-6.185528,54.710856,DONORE CRESCENT,Anti-social behaviour,BT411JA
2016-09,-5.947072,54.614677,BALLYMONEY STREET,Anti-social behaviour,BT436AN
2015-01,-5.884979,54.591369,LICHFIELD AVENUE,Criminal damage and arson,BT55JQ
2017-05,-5.749118,54.551718,CASTLE LANE,Bicycle theft,BT235EB
2015-09,-5.903805,54.596558,CLANDEBOYE GARDENS,Anti-social behaviour,BT54PE
2016-03,-5.887207,54.582091,BLENHEIM DRIVE,Criminal damage and arson,BT234RB
2017-07,-5.713884,54.328554,CROFT CLOSE,Anti-social behaviour,BT440EW
2017-11,-5.928741,54.597032,DONEGALL SQUARE EAST,Violence and sexual offences,BT15HD
2016-03,-7.266122,55.030145,TEMPLE ROAD,Criminal damage and arson,BT282PD
2017-03,-5.925399,54.585151,UNIVERSITY AVENUE,Other theft,BT71GX
2017-04,-5.931632,54.57328,LOCKVIEW ROAD,Violence and sexual offences,BT95GN
2015-11,-6.335466,54.466271,CLARA STREET,Anti-social behaviour,BT679AP
2015-05,-5.952416,54.613087,ANTIGUA STREET,Drugs,BT147AN
2016-02,-6.751842,54.640205,RATHEEN AVENUE,Criminal damage and arson,BT808HL
2017-07,-5.961051,54.600456,SPRINGFIELD CRESCENT,Violence and sexual offences,BT701QU
2015-09,-6.780746,54.502391,WOODBURN CRESCENT,Other theft,BT717DD
2016-09,-5.929051,54.602213,TALBOT STREET,Vehicle crime,BT234EG
2015-12,-5.926983,54.584136,JERUSALEM STREET,Other theft,BT71QN
2017-10,-5.938485,54.618871,ANTRIM ROAD,Anti-social behaviour,BT152AH
2017-08,-5.897518,54.402772,HIGH STREET,Anti-social behaviour,BT248AB
2016-03,-6.02433,54.555099,GLASVEY WALK,Criminal damage and arson,BT170DE
2015-04,-6.329301,54.464641,CASTLE LANE,Anti-social behaviour,BT235EB
2016-05,-5.890845,54.558703,GARLAND AVENUE,Violence and sexual offences,BT666JH
2016-06,-5.704123,54.595925,CORRY STREET,Anti-social behaviour,BT234AF
2015-09,-5.919693,54.67307,RENAGH PARK,Anti-social behaviour,BT366BS
2015-01,-5.832712,54.643196,STEWART'S PLACE,Theft from the person,BT189DX
2015-09,-7.616869,54.340402,COOLE DRIVE,Criminal damage and arson,BT746BS
2017-10,-5.93982,54.591237,CLEMENTINE DRIVE,Criminal damage and arson,BT125HQ
2017-12,-6.443889,54.426613,WHITTEN CLOSE,Anti-social behaviour,BT621AR
2017-09,-6.296887,54.87293,FOXHILL,Drugs,BT472TN
2016-08,-5.934633,54.597106,COLLEGE SQUARE EAST,Vehicle crime,BT357DH
2015-10,-5.972367,54.676937,ANTRIM ROAD,Other theft,BT152AH
2016-02,-6.045425,54.540994,MILLTOWN AVENUE,Drugs,BT283TR
2016-08,-7.446681,54.245682,KILMACRANNELL,Violence and sexual offences,BT920HH
2017-11,-5.935169,54.588355,LISBURN ROAD,Anti-social behaviour,BT97GY
2017-03,-5.731058,54.550967,LABURNUM CRESCENT,Anti-social behaviour,BT235YF
2016-04,-6.478451,54.106662,GLEBE PARK,Drugs,BT744DB
2016-11,-5.673962,54.660764,CENTRAL AVENUE,Other theft,BT203AF
2016-09,-6.025042,54.57521,SUFFOLK RISE,Criminal damage and arson,BT119RE
2016-03,-7.31798,54.995944,FOYLE STREET,Criminal damage and arson,BT486XY
2017-09,-5.946586,54.626475,OLD WESTLAND ROAD,Anti-social behaviour,BT146TE
2015-05,-5.969898,54.612052,RUTHERGLEN STREET,Criminal damage and arson,BT133LR
2017-07,-5.932878,54.599682,CHAPEL LANE,Other theft,BT319PQ
2015-05,-7.467399,54.830626,PARK ROAD,Burglary,BT621BH
2016-08,-5.936655,54.585891,CAMDEN STREET,Anti-social behaviour,BT96AT
2017-10,-6.267384,54.351244,CASTLEWELLAN ROAD,Other theft,BT308RD
2017-01,-6.254931,54.101462,CHARLOTTE STREET,Anti-social behaviour,BT343LF
2017-11,-5.991051,54.586771,NORGLEN ROAD,Violence and sexual offences,BT118EA
2015-11,-7.308804,54.994392,CROSS STREET,Anti-social behaviour,BT309QG
2016-07,-5.935169,54.588355,LISBURN ROAD,Theft from the person,BT97GY
2017-12,-7.65332,54.342606,COLESHILL PARK,Criminal damage and arson,BT747LB
2016-05,-6.341728,54.179035,MAGINNIS STREET,Criminal damage and arson,BT356AR
2015-09,-6.445977,54.422345,WEST STREET,Criminal damage and arson,BT389HR
2017-06,-6.256324,54.102857,CLERMONT GARDENS,Anti-social behaviour,BT343LQ
2016-10,-5.934406,54.594568,GREAT VICTORIA STREET,Anti-social behaviour,BT27AG
2016-10,-6.005652,54.064107,THE FORGE,Anti-social behaviour,BT717UG
2016-01,-7.614466,54.355702,LOANE DRIVE,Drugs,BT744EG
2015-12,-6.462747,54.426279,DRUMCREE GROVE,Anti-social behaviour,BT624AL
2016-02,-5.899128,54.594823,LORD STREET,Anti-social behaviour,BT54QH
2016-01,-5.938546,54.580622,MALONE ROAD,Other theft,BT95BU
2016-10,-7.638603,54.362182,DERRYGORE ROAD,Violence and sexual offences,BT744FH
2016-12,-5.926512,54.597057,MONTGOMERY STREET,Anti-social behaviour,BT14NX
2015-12,-6.059457,54.499638,AVONMORE PARK,Violence and sexual offences,BT281NE
2017-07,-6.25409,55.200171,CASTLE STREET,Other theft,BT307QQ
2017-06,-5.89747,54.401603,HIGH STREET,Violence and sexual offences,BT248AB
2017-08,-6.448511,54.432341,CHURCHILL PARK,Violence and sexual offences,BT621EX
2017-03,-7.322511,54.996849,WATERLOO STREET,Other crime,BT486HE
2016-08,-6.034928,54.559396,GLENBAWN WALK,Criminal damage and arson,BT170TP
2017-02,-5.892983,54.206271,CENTRAL PROMENADE,Anti-social behaviour,BT330EU
2017-02,-5.950899,54.61954,KNUTSFORD DRIVE,Possession of weapons,BT146LZ
2016-05,-7.655492,54.345774,WINDMILL ROAD,Violence and sexual offences,BT344LP
2017-03,-5.658647,54.397449,GROVE PARK,Criminal damage and arson,BT205QG
2017-05,-6.329514,54.473808,DEENY DRIVE,Anti-social behaviour,BT679EP
2017-04,-6.326667,55.126822,THE FERNS,Criminal damage and arson,BT345WE
2017-05,-6.668424,55.12845,BERESFORD ROAD,Criminal damage and arson,BT521LW
2017-03,-6.330613,54.751951,THE OAKS,Anti-social behaviour,BT238GZ
2016-10,-7.299135,54.996924,SHEARWATER WAY,Anti-social behaviour,BT476LF
2016-05,-6.184017,54.718965,DORSET COURT,Criminal damage and arson,BT412SH
2015-01,-5.890907,54.216019,DUNWELLAN PARK,Violence and sexual offences,BT330DD
2017-07,-5.978992,54.6041,HIGHVIEW CRESCENT,Anti-social behaviour,BT133RF
2015-05,-5.92591,54.598233,VICTORIA SQUARE,Bicycle theft,BT14QG
2015-09,-5.998699,54.748948,MILL ROAD,Anti-social behaviour,BT344RH
2015-01,-5.924059,54.617267,YORK ROAD,Violence and sexual offences,BT153GU
2016-09,-5.906614,54.6874,TYNAN DRIVE,Violence and sexual offences,BT370JA
2015-12,-6.046737,54.739651,BROOK MEADOW,Violence and sexual offences,BT390QF
2015-11,-7.637158,54.351586,CORNAGRADE ROAD,Criminal damage and arson,BT746DX
2017-07,-6.606508,54.747459,LECKAGH DRIVE,Criminal damage and arson,BT456JS
2016-11,-5.976908,54.593705,WESTROCK PARK,Criminal damage and arson,BT127QW
2016-09,-6.273853,54.86,WARING STREET,Violence and sexual offences,BT424BU
2017-10,-7.643201,54.348164,QUEEN STREET,Anti-social behaviour,BT422BQ
2017-12,-5.998626,54.56261,MAYFIELD SQUARE,Violence and sexual offences,BT100QR
2017-01,-7.30036,55.018983,GLENEAGLES,Criminal damage and arson,BT449PQ
2015-08,-5.697549,54.599718,JUNIPER AVENUE,Anti-social behaviour,BT234HW
2015-12,-7.278192,55.039828,BALLYNAGARD CRESCENT,Violence and sexual offences,BT488JR
2015-04,-5.900713,54.406251,CALVERT WAY,Violence and sexual offences,BT248BY
2016-03,-5.997968,54.580749,AIRFIELD HEIGHTS,Other theft,BT118QU
2016-02,-5.879175,54.585445,HOUSTON GARDENS,Anti-social behaviour,BT56AU
2015-03,-5.98269,54.755726,HENRYVILLE COURT,Anti-social behaviour,BT399FS
2016-10,-6.033432,54.51468,WESLEY STREET,Anti-social behaviour,BT274TB
2016-07,-5.936644,54.59192,SANDY ROW,Other theft,BT125EU
2017-11,-5.922721,54.57851,AVA STREET,Other theft,BT73BS
2016-04,-6.257476,54.104203,RATH CUAIN,Vehicle crime,BT343PF
2017-01,-5.96927,54.589229,FALLS ROAD,Other theft,BT119AB
2016-11,-5.887157,54.214696,RAILWAY STREET,Shoplifting,BT617HP
2016-11,-6.299733,54.850123,ROSSES LANE,Violence and sexual offences,BT422SB
2016-02,-5.911582,54.584302,RAVENHILL ROAD,Anti-social behaviour,BT68EF
2017-09,-5.940123,54.586148,LISBURN ROAD,Robbery,BT97GY
2015-08,-5.963223,54.618633,BERWICK ROAD,Anti-social behaviour,BT147JP
2017-09,-5.922608,54.585579,HATFIELD STREET,Anti-social behaviour,BT72FD
2015-10,-7.31798,54.995944,FOYLE STREET,Violence and sexual offences,BT486XY
2016-12,-6.744086,54.639586,CEMETERY ROAD,Anti-social behaviour,BT808EA
2016-07,-6.363962,54.32837,CANAL COURT,Anti-social behaviour,BT636LX
2017-09,-6.46091,54.749579,DUNEANE CRESCENT,Violence and sexual offences,BT413NQ
2015-10,-5.699824,54.596697,MARK STREET,Anti-social behaviour,BT234DT
2015-08,-6.216811,54.619599,ORCHARD ROAD,Other crime,BT829QT
2017-06,-5.533729,54.48652,CHURCH AVENUE,Violence and sexual offences,BT330NB
2016-02,-5.930439,54.592551,BANKMORE STREET,Vehicle crime,BT71AQ
2015-02,-6.976277,54.414763,SYDNEY STREET,Violence and sexual offences,BT696AE
2016-01,-5.949451,54.588939,DONEGALL AVENUE,Violence and sexual offences,BT126LX
2015-08,-6.250979,54.101997,ORCHARD HILL,Anti-social behaviour,BT294SA
2017-03,-7.335647,54.991514,CELTIC COURT,Other theft,BT489LG
2017-07,-5.76323,54.54976,DALTON DRIVE,Other theft,BT235HF
2016-05,-5.895977,54.590519,JONESBORO PARK,Violence and sexual offences,BT55FY
2015-11,-6.013722,54.576157,MULROY PARK,Criminal damage and arson,BT119HY
2016-02,-5.95807,54.615492,ETNA DRIVE,Burglary,BT147LH
2016-03,-6.64584,55.193032,CORRSTOWN PARK,Criminal damage and arson,BT568SN
2015-07,-5.690994,54.593851,WINDMILL ROW,Anti-social behaviour,BT237DZ
2017-01,-6.723656,54.605494,BERKLEY SQUARE,Anti-social behaviour,BT197YY
2017-10,-5.938098,54.591316,BOYNE COURT,Violence and sexual offences,BT125BL
2017-07,-5.662118,54.638404,RATHGILL GARDENS,Violence and sexual offences,BT197TB
2017-03,-5.936286,54.630505,LISBREEN PARK,Criminal damage and arson,BT154DJ
2015-11,-5.696502,54.335322,SAUL ROAD,Criminal damage and arson,BT306PA
2016-06,-6.484727,54.184397,CARRICKANANNY ROAD,Violence and sexual offences,BT602TH
2017-04,-7.324908,54.660945,CARRIGANS ROAD,Anti-social behaviour,BT797TW
2017-10,-6.347281,54.172301,BARCROFT PARK,Other crime,BT358EW
2017-07,-7.346697,54.989275,RATHLIN DRIVE,Anti-social behaviour,BT489RR
2016-03,-6.326326,54.177726,POUND STREET,Violence and sexual offences,BT941HE
2017-12,-6.343686,54.461721,FRANCIS STREET,Anti-social behaviour,BT666DL
2015-01,-5.667909,54.633592,ARDVANAGH GRANGE,Anti-social behaviour,BT237XJ
2016-07,-5.831646,54.639358,CHURCH HILL,Anti-social behaviour,BT309QR
2017-05,-5.967107,54.628915,BALLYSILLAN PARK,Anti-social behaviour,BT148HD
2016-07,-5.822696,54.849358,MEADOW PARK,Anti-social behaviour,BT557ST
2017-03,-5.625675,54.65793,SHERWOOD PARK,Criminal damage and arson,BT196DN
2017-03,-5.967128,54.590936,FALLS ROAD,Anti-social behaviour,BT119AB
2017-01,-5.901591,54.588765,ARDENVOHR STREET,Criminal damage and arson,BT68NB
2015-03,-5.931513,54.599137,CASTLE STREET,Shoplifting,BT307QQ
2016-03,-7.267519,55.030683,DEREEN DRIVE,Violence and sexual offences,BT476UZ
2017-03,-6.045317,54.743662,MILL ROAD,Violence and sexual offences,BT344RH
2015-02,-6.931622,55.04354,EDENMORE PARK,Criminal damage and arson,BT490RG
2016-12,-6.250091,54.098031,OSBORNE PROMENADE,Anti-social behaviour,BT343NQ
2015-11,-7.304345,54.992902,GOOD SHEPHERD GLEN,Criminal damage and arson,BT472GA
2015-10,-6.00256,54.064226,NEWCASTLE STREET,Other theft,BT344AF
2017-09,-7.315261,55.028976,BRADLEY PARK,Drugs,BT488PU
2017-01,-7.47899,54.819888,LISNAFIN PARK,Anti-social behaviour,BT829DJ
2015-09,-5.932781,54.587541,BOTANIC AVENUE,Violence and sexual offences,BT71JL
2016-04,-5.963948,54.597908,CLUAIN MOR DRIVE,Other theft,BT127UG
2015-04,-5.914614,54.595496,MAYS MEADOW,Anti-social behaviour,BT13BL
2016-10,-6.360045,54.367292,PINE VIEW COURT,Drugs,BT636AY
2017-07,-6.648146,55.202841,CAUSEWAY STREET,Anti-social behaviour,BT568AB
2016-09,-6.659448,55.148824,WOODBURN CRESCENT,Violence and sexual offences,BT717DD
2015-08,-5.956116,54.674184,GLEBE ROAD WEST,Anti-social behaviour,BT366EH
2015-10,-6.252028,54.099227,GREAT GEORGES STREET SOUTH,Criminal damage and arson,BT343NF
2016-11,-5.673962,54.660764,CENTRAL AVENUE,Other theft,BT203AF
2017-09,-5.95079,54.598612,CONWAY STREET,Criminal damage and arson,BT132DE
2015-11,-6.2146,54.80663,CHURCH ROAD,Violence and sexual offences,BT189BU
2015-09,-6.670388,55.128804,NEW ROW,Shoplifting,BT521AF
2015-05,-6.25464,54.100379,THE SQUARE,Anti-social behaviour,BT717SG
2016-09,-5.951837,54.772029,CARRICKFERGUS ROAD,Possession of weapons,BT403JX
2017-12,-7.333982,55.004306,MOUNT STREET,Anti-social behaviour,BT251AT
2015-04,-6.365039,54.376758,HIGH STREET,Drugs,BT248AB
2015-03,-5.921582,54.650352,BAWNMORE PARK,Anti-social behaviour,BT367BQ
2016-10,-6.663991,55.148982,ELMS PARK,Anti-social behaviour,BT522QE
2016-01,-6.735247,54.645396,WOODLAND DRIVE,Anti-social behaviour,BT379SF
2016-07,-7.322018,54.598108,BROOKMOUNT HEIGHTS,Anti-social behaviour,BT785JW
2017-03,-5.887286,54.514802,CHURCH ROAD,Criminal damage and arson,BT189BU
2016-01,-5.950441,54.579998,CHADWICK STREET,Anti-social behaviour,BT97FD
2016-09,-5.696727,54.591535,COURT STREET,Violence and sexual offences,BT237NX
2015-06,-7.474164,54.810605,MELMOUNT PARK,Criminal damage and arson,BT829SU
2015-09,-7.310986,54.989203,FOUNTAIN HILL,Violence and sexual offences,BT472BU
2015-04,-6.268694,54.350832,BRIDGE STREET,Anti-social behaviour,BT281XZ
2015-09,-5.829598,54.53122,MARLODGE DRIVE,Anti-social behaviour,BT236DB
2016-06,-6.689358,54.446048,CHARLEMONT STREET,Anti-social behaviour,BT717SL
2015-07,-6.952247,55.0499,CATHERINE STREET,Anti-social behaviour,BT499DA
2016-02,-5.928519,54.548976,DRUMART DRIVE,Anti-social behaviour,BT87EU
2017-07,-5.698709,54.594798,WEST STREET,Violence and sexual offences,BT389HR
2016-02,-5.672989,54.657178,ABBEY STREET,Other crime,BT204JB
2016-02,-5.686921,54.334788,ARDFERN ROAD,Anti-social behaviour,BT306TW
2015-12,-5.921031,54.660541,GLENMOUNT DRIVE,Burglary,BT367QQ
2016-04,-7.322511,54.996849,WATERLOO STREET,Violence and sexual offences,BT486HE
2017-11,-7.327876,54.990951,BISHOP STREET,Anti-social behaviour,BT486UX
2015-01,-5.841096,54.633804,WEST LINK,Violence and sexual offences,BT189NY
2017-06,-6.337544,54.181781,MOURNE VIEW PARK,Violence and sexual offences,BT356BZ
2017-06,-7.638098,54.344322,TOWNHALL STREET,Violence and sexual offences,BT747BD
2015-11,-5.668234,54.659557,MARKET STREET,Other crime,BT622BP
2016-04,-6.932584,55.04327,EDENMORE PARK,Violence and sexual offences,BT490RG
2015-11,-6.045402,54.511092,MARKET SQUARE,Other theft,BT414DN
2017-12,-5.944568,54.684268,FAIRHILL GREEN,Anti-social behaviour,BT366YD
2016-12,-6.275549,54.849459,OLD ANTRIM ROAD,Violence and sexual offences,BT422HG
2015-11,-7.170237,55.030535,BALLYCANICE CLOSE,Anti-social behaviour,BT473HH
2015-03,-7.307728,54.602321,DERRY ROAD,Burglary,BT828LD
2017-01,-5.933747,54.589552,DONEGALL PASS,Bicycle theft,BT71DQ
2017-05,-7.442467,54.252212,MAIN STREET,Violence and sexual offences,BT936HW
2015-04,-5.660825,54.667384,UPPER CLIFTON,Criminal damage and arson,BT205HG
2017-03,-6.668087,55.129156,NEW MARKET STREET,Anti-social behaviour,BT521EH
2016-10,-5.965072,54.620354,GLENBRYN GARDENS,Burglary,BT147JA
2015-04,-6.018248,54.525915,TULLYNACROSS ROAD,Anti-social behaviour,BT356RD
2016-09,-6.750354,54.632688,OLD RECTORY GLEN,Other theft,BT809XX
2017-10,-5.943897,54.607956,MALVERN CLOSE,Anti-social behaviour,BT131EB
2017-11,-7.364124,54.908693,DUNCASTLE ROAD,Criminal damage and arson,BT820LR
2015-04,-5.876451,54.598552,CLONLEE DRIVE,Violence and sexual offences,BT43DA
2015-03,-6.949222,55.053071,MAIN STREET,Violence and sexual offences,BT936HW
2017-02,-6.051751,54.504546,WARREN PARK,Anti-social behaviour,BT440RL
2017-04,-6.071102,54.489034,EGLANTINE CRESCENT,Shoplifting,BT275RH
2015-01,-5.931754,54.598036,FOUNTAIN STREET,Shoplifting,BT414BB
2017-02,-6.068933,54.523249,BALLYMACASH ROAD,Anti-social behaviour,BT283DX
2015-08,-5.940268,54.590023,HUNTER PARK,Violence and sexual offences,BT125NG
2016-11,-6.686241,55.116777,HIGHFIELD DRIVE,Violence and sexual offences,BT133RP
2015-05,-6.279953,54.353014,BROOKFIELD ROAD,Criminal damage and arson,BT716UH
2017-12,-5.90547,54.590648,LONDON ROAD,Drugs,BT68EY
2017-09,-7.593783,54.709746,KILCLEAN ROAD,Anti-social behaviour,BT817LD
2017-08,-5.943524,54.588955,COLCHESTER PARK,Anti-social behaviour,BT125PZ
2016-12,-5.700585,54.326091,BALLYHORNAN ROAD,Criminal damage and arson,BT307AB
2015-02,-5.656093,54.641352,BALLOO WALK,Anti-social behaviour,BT197RH
2016-10,-7.648518,54.352195,DERRIN PARK,Violence and sexual offences,BT746BW
2015-06,-5.914985,54.67085,NENDRUM GARDENS,Anti-social behaviour,BT55LZ
2017-02,-5.829306,54.729707,RATHLIN HEIGHTS,Anti-social behaviour,BT388SF
2015-09,-5.934292,54.600173,BERRY STREET,Shoplifting,BT11FJ
2015-04,-6.006047,54.569256,SUFFOLK CRESCENT,Violence and sexual offences,BT119JT
2015-08,-5.952195,54.611942,HILLVIEW ROAD,Violence and sexual offences,BT746EY
2017-12,-5.92559,54.585657,DUDLEY STREET,Anti-social behaviour,BT71GW
2017-07,-6.017536,54.572131,GLENTIES DRIVE,Criminal damage and arson,BT119HT
2015-03,-5.961439,54.627984,PRESTWICK PARK,Criminal damage and arson,BT146PJ
2017-09,-5.699145,54.599955,ASH GROVE,Anti-social behaviour,BT234HA
2016-06,-5.825352,54.640027,CHURCH AVENUE,Criminal damage and arson,BT330NB
2017-11,-7.313991,54.599824,STRULE PARK,Anti-social behaviour,BT785HW
2017-04,-6.441213,54.422032,SANDY ROW,Drugs,BT125EU
2015-06,-6.745148,54.646838,BURN ROAD,Violence and sexual offences,BT808DN
2017-11,-6.328689,54.463384,WINDSOR AVENUE,Anti-social behaviour,BT389RX
2015-01,-5.906955,54.556269,GLENDALE PARK,Anti-social behaviour,BT86HS
2016-04,-5.947011,54.612816,MOUNTVIEW COURT,Criminal damage and arson,BT457QB
2015-09,-5.961838,54.588115,RODNEY PARADE,Anti-social behaviour,BT126EE
2016-11,-5.714904,54.322086,HUNTER'S MILL,Criminal damage and arson,
2016-01,-5.920207,54.608719,DOCK STREET,Anti-social behaviour,BT828EE
2017-07,-5.989657,54.993053,HARBOUR ROAD,Criminal damage and arson,BT221EA
2016-09,-5.93309,54.585723,UNIVERSITY SQUARE MEWS,Burglary,BT71JU
2015-07,-6.353036,54.891582,KILMAKEVIT CRESCENT,Other theft,BT421NG
2016-05,-6.257916,54.10429,RATH CUAIN,Vehicle crime,BT343PF
2016-02,-6.343945,54.177224,MONAGHAN STREET,Anti-social behaviour,BT356AA
2016-08,-5.903294,54.592353,ISTHMUS STREET,Violence and sexual offences,BT69AS
2016-06,-7.630043,54.345824,FORTHILL STREET,Criminal damage and arson,BT746AJ
2016-07,-5.934292,54.600173,BERRY STREET,Shoplifting,BT11FJ
2015-04,-5.930334,54.599189,CASTLE STREET,Violence and sexual offences,BT307QQ
2017-04,-5.903241,54.596988,TOWER STREET,Criminal damage and arson,BT54FH
2015-06,-5.910804,54.563829,SAINTFIELD ROAD,Shoplifting,BT88SG
2015-04,-5.912289,54.591035,CARRINGTON STREET,Violence and sexual offences,BT68GF
2015-11,-6.480729,54.953312,GLEBE PARK,Criminal damage and arson,BT744DB
2017-11,-5.890862,54.214806,PARK LANE,Anti-social behaviour,BT247PR
2017-10,-5.664824,54.648763,LISMORE AVENUE,Anti-social behaviour,BT204XB
2017-06,-6.184808,54.717602,DEVON SQUARE,Other theft,BT412SB
2015-12,-5.899545,54.400184,DROMORE STREET,Anti-social behaviour,BT68PF
2015-04,-5.931464,54.653172,GARTON WAY,Anti-social behaviour,BT367JF
2017-03,-7.289145,54.988431,PELHAM ROAD,Anti-social behaviour,BT476FF
2015-07,-6.53841,54.685324,SHORE ROAD,Robbery,BT413NW
2015-09,-6.338723,54.468499,PRINCES CLOSE,Criminal damage and arson,BT679GY
2016-04,-5.92635,54.607549,MOLYNEAUX STREET,Criminal damage and arson,BT151GD
2015-06,-6.6628,54.34517,NIALLS CRESCENT,Criminal damage and arson,BT604AP
2015-12,-6.341618,54.182933,CHEQUER HILL,Criminal damage and arson,BT356DY
2015-05,-7.313478,54.986936,DERRYVIEW,Violence and sexual offences,BT472EQ
2017-10,-6.608312,54.749213,LECKAGH DRIVE,Other crime,BT456JS
2017-01,-6.036982,54.509581,UNION BRIDGE,Criminal damage and arson,
2016-04,-6.330594,54.472296,KILWILKE ROAD,Anti-social behaviour,BT679EN
2017-03,-5.759955,54.398465,LISLEA DRIVE,Anti-social behaviour,BT309DB
2016-06,-6.897787,54.673585,CORVANAGHAN ROAD,Vehicle crime,BT809TW
2015-09,-5.919571,54.576578,HAYWOOD AVENUE,Violence and sexual offences,BT73EU
2017-01,-5.93528,54.58585,UNIVERSITY SQUARE MEWS,Anti-social behaviour,BT71JU
2015-08,-7.309466,54.59748,RAILWAY TERRACE,Anti-social behaviour,BT458AY
2015-06,-5.469241,54.49508,OAK AVENUE,Anti-social behaviour,BT221TD
2017-11,-6.660343,55.147864,OAKVALE PARK,Anti-social behaviour,BT522QX
2017-10,-6.65186,55.203564,VICTORIA STREET,Anti-social behaviour,BT679DG
2016-08,-5.961105,54.577087,WILDFLOWER WAY,Violence and sexual offences,BT126TA
2017-01,-5.909281,54.584828,ARDENLEE CLOSE,Burglary,BT68QB
2016-12,-6.252637,54.111654,BURREN ROAD,Violence and sexual offences,BT343SA
2017-09,-7.132058,54.429684,CASTLEHILL GARDENS,Anti-social behaviour,BT536TN
2015-01,-6.035115,54.561627,GLENKEEN,Criminal damage and arson,BT413JX
2016-01,-5.937051,54.592448,MCADAM PARK,Criminal damage and arson,BT125ER
2016-05,-7.324298,55.035557,FERNABBEY DRIVE,Violence and sexual offences,BT488RE
2016-04,-5.858346,54.617973,KNOCKNAGONEY PARK,Anti-social behaviour,BT42PU
2017-12,-5.894963,54.597267,ALBERTBRIDGE ROAD,Anti-social behaviour,BT54GS
2015-01,-5.674952,54.598387,ABBEYDALE AVENUE,Anti-social behaviour,BT238RT
2015-06,-6.07345,54.520806,MOLYNEAUX DRIVE,Violence and sexual offences,BT282LY
2016-06,-5.704948,54.586488,QUINTON PARK,Anti-social behaviour,BT234PR
2017-06,-6.086176,54.528744,GLENWOOD COURT,Other theft,BT283UD
2015-10,-5.977077,54.572503,STOCKMANS WAY,Other theft,BT97GG
2016-11,-6.743804,54.637669,CHURCH STREET,Violence and sexual offences,BT343HN
2015-12,-5.822796,54.850681,RIVERDALE,Violence and sexual offences,BT422JB
2017-05,-6.413625,54.352052,SINTON PARK,Criminal damage and arson,BT622BU
2017-10,-5.932363,54.620222,DUNMORE PARK,Burglary,BT153GQ
2016-02,-5.962251,54.600908,COLINWARD STREET,Anti-social behaviour,BT127EP
2015-09,-5.83891,54.632965,EAST LINK,Public order,BT189PQ
2016-07,-5.970622,54.567031,UPPER LISBURN ROAD,Violence and sexual offences,BT100LA
2017-01,-6.001091,54.55204,KINGSWAY,Anti-social behaviour,BT179EW
2015-08,-7.332157,55.028522,GALLIAGH PARK,Criminal damage and arson,BT488DE
2017-06,-6.654408,55.207653,BATH STREET,Anti-social behaviour,BT307SE
2017-01,-5.936449,54.609842,ST JAMES MEWS,Anti-social behaviour,BT146DL
2017-08,-5.877279,54.60048,BELMONT ROAD,Violence and sexual offences,BT42NE
2016-03,-5.941799,54.616717,WOODLAND AVENUE,Criminal damage and arson,BT146BY
2017-10,-5.920639,54.663652,CLONBEG DRIVE,Drugs,BT379BU
2016-04,-5.934882,54.589437,DONEGALL ROAD,Anti-social behaviour,BT126HN
2015-01,-5.666901,54.662003,BINGHAM LANE,Anti-social behaviour,BT205DR
2017-01,-7.320469,54.996614,SHIPQUAY STREET,Violence and sexual offences,BT486DN
2017-03,-5.993915,54.99448,GORTIN PARK,Anti-social behaviour,BT57EQ
2017-12,-7.316304,55.014529,FARREN PARK,Shoplifting,BT487QH
2017-08,-5.930305,54.598533,DONEGALL PLACE,Violence and sexual offences,BT15AB
2015-02,-7.638603,54.362182,DERRYGORE ROAD,Anti-social behaviour,BT744FH
2016-02,-7.357851,55.015698,FARLAND WAY,Vehicle crime,BT480RS
2015-06,-6.008717,54.760973,VICTORIA GARDENS,Violence and sexual offences,BT679AZ
2016-11,-6.695978,55.106048,DUNDERG ROAD,Anti-social behaviour,BT514NE
2016-01,-6.209613,54.728042,STILES WAY,Other theft,BT412TA
2015-10,-5.911138,54.656094,MERVILLE GARDEN VILLAGE,Drugs,BT379TZ
2016-06,-5.814292,54.741827,RED BRAE ROAD,Anti-social behaviour,BT389DG
2016-05,-7.315261,55.028976,BRADLEY PARK,Anti-social behaviour,BT488PU
2015-07,-6.936923,55.044233,DRUMACHOSE PARK,Anti-social behaviour,BT490NZ
2015-09,-6.195324,54.71598,FOUNTAIN LANE,Anti-social behaviour,BT411LX
2015-03,-7.12056,55.029521,SHESKIN PARK,Violence and sexual offences,BT473DF
2017-06,-5.940114,54.597963,STANLEY COURT,Criminal damage and arson,BT124FY
2015-02,-5.690475,54.660118,MARYVILLE ROAD,Other theft,BT203RH
2015-08,-7.111956,54.404455,SPRINGTOWN ROAD,Burglary,BT480LY
2015-06,-5.625091,54.658916,SHERWOOD ROAD,Anti-social behaviour,BT196DJ
2015-08,-7.343887,54.997748,MELMORE GARDENS,Other theft,BT489NE
2015-11,-6.661514,54.357285,ABBEY PARK,Shoplifting,BT57RU
2016-06,-7.293954,54.972514,TULLYALLY ROAD,Criminal damage and arson,BT473QR
2015-10,-6.806962,54.783528,SIXTOWNS ROAD,Anti-social behaviour,BT457BB
2017-07,-7.326392,55.036575,FERNDALE PARK,Criminal damage and arson,BT473XB
2017-08,-6.181666,54.222629,DRUMLOUGH ROAD,Anti-social behaviour,BT266PX
2017-09,-6.671477,54.843945,MAIN STREET,Shoplifting,BT936HW
2015-10,-5.919016,54.688414,ABBEY GREEN,Criminal damage and arson,BT370EF
2015-09,-6.226574,54.723916,CORAL CRESCENT,Shoplifting,BT414LW
2015-04,-7.322053,54.999964,STRAND ROAD,Other theft,BT487AD
2015-08,-6.005377,54.577286,CULMORE GARDENS,Violence and sexual offences,BT118NS
2017-01,-5.959291,54.681983,RICHMOND PARK,Anti-social behaviour,BT797SJ
2017-06,-6.418948,54.43406,HILLSIDE CRESCENT,Other theft,BT324NT
2017-02,-6.658213,55.193547,GLENARIFF ROAD,Violence and sexual offences,BT568BG
2017-02,-6.231165,54.474564,WARINGFIELD AVENUE,Other theft,BT670FA
2015-06,-5.872153,54.595493,KERRSLAND PARADE,Other theft,BT56EP
2017-02,-6.511945,55.070717,HENRY STREET,Anti-social behaviour,BT747JT
2017-05,-6.655898,54.352128,LOWER ENGLISH STREET,Anti-social behaviour,BT617LJ
2015-07,-5.90827,54.586132,OLD BAKERS COURT,Criminal damage and arson,BT68QU
2016-09,-5.926512,54.597057,MONTGOMERY STREET,Violence and sexual offences,BT14NX
2016-10,-5.937323,54.633874,FORTWILLIAM DRIVE,Burglary,BT154EB
2017-05,-5.801218,54.593802,BURTON AVENUE,Anti-social behaviour,BT161RU
2017-02,-6.94734,55.045483,BENBRADAGH AVENUE,Violence and sexual offences,BT490AP
2015-07,-5.980334,54.560428,BENMORE DRIVE,Anti-social behaviour,BT100EF
2017-08,-6.269397,54.849497,LANNTARA,Public order,BT423BQ
2017-06,-5.928592,54.599366,CORN MARKET,Violence and sexual offences,BT358BG
2015-11,-5.904443,54.59107,PEARL STREET,Violence and sexual offences,BT68BN
2016-09,-6.078703,54.464509,CARNREAGH ROAD,Burglary,BT266LH
2017-06,-5.993975,54.580485,COOLNASILLA PARK EAST,Anti-social behaviour,BT118LA
2015-06,-6.34102,54.158459,HIGHFIELDS AVENUE,Anti-social behaviour,BT358UG
2017-04,-6.000861,54.566538,LADYBROOK PARK,Vehicle crime,BT119EL
2017-07,-6.480567,54.961323,ROCK VIEW PARK,Burglary,BT448TL
2015-07,-7.661265,54.328183,CLEENISH PARK,Anti-social behaviour,BT922FG
2015-02,-5.683816,54.595727,ABBEY ROAD,Other theft,BT222DG
2015-02,-6.439902,54.162117,AGHMAKANE ROAD,Violence and sexual offences,BT357HY
2016-06,-6.74201,54.647632,UNION STREET,Anti-social behaviour,BT536HT
2017-06,-6.495762,55.064329,GARRYDUFF ROAD,Drugs,BT537DH
2015-06,-6.000533,54.552381,KINGSWAY,Anti-social behaviour,BT179EW
2016-03,-5.926012,54.587102,ESSEX GROVE,Other crime,BT71GE
2015-04,-7.463257,54.827365,RAILWAY STREET,Violence and sexual offences,BT617HP
2017-09,-6.283881,54.872145,BALLYMONEY ROAD,Shoplifting,BT435BY
2017-03,-5.926248,54.599505,POTTINGERS ENTRY,Drugs,BT14DT
2015-09,-5.910995,54.669461,ABBOTS ROAD,Burglary,BT379RB
2016-07,-7.322053,54.999964,STRAND ROAD,Violence and sexual offences,BT487AD
2017-02,-5.94736,54.582219,MELROSE STREET,Criminal damage and arson,BT97DP
2016-08,-5.960708,54.572022,LISBURN ROAD,Shoplifting,BT97GY
2017-08,-5.673117,54.648698,ABBOT'S CLOSE,Criminal damage and arson,BT204EN
2015-05,-5.67411,54.656813,ABBEY STREET,Anti-social behaviour,BT204JB
2017-01,-5.903387,54.58753,CARLINGFORD STREET,Other theft,BT68NE
2015-03,-6.219462,54.713381,MASSEREENE STREET,Anti-social behaviour,BT414DD
2015-08,-7.628826,54.359673,DRUMBEG,Anti-social behaviour,BT655AE
2016-10,-5.923999,54.598389,VICTORIA SQUARE,Drugs,BT14QG
2017-06,-6.815213,54.532893,LISMORE DRIVE,Anti-social behaviour,BT703EL
2015-10,-5.9485,54.617387,OLDPARK AVENUE,Anti-social behaviour,BT146HJ
2015-04,-6.041776,54.555545,WHITE GLEN,Criminal damage and arson,BT170XN
2016-11,-6.041852,54.502993,EDGEHILL PARK,Burglary,BT275QF
2016-03,-5.94584,54.594592,DISTILLERY STREET,Anti-social behaviour,BT125BJ
2016-12,-5.652131,54.39965,PLANTATION STREET,Burglary,BT309QW
2017-10,-5.75942,54.395004,DOWNPATRICK ROAD,Other theft,BT307LZ
2016-07,-6.748402,54.635714,DRUM ROAD,Anti-social behaviour,BT808JG
2016-08,-7.628463,54.45098,MOSSFIELD ROAD,Anti-social behaviour,
2015-06,-5.905956,54.590225,ROSLYN STREET,Criminal damage and arson,BT68JL
2015-12,-5.96308,54.57066,MYRTLEFIELD PARK,Violence and sexual offences,BT96NE
2015-01,-5.889507,54.513071,MEADOWVALE GARDENS,Anti-social behaviour,BT88PZ
2016-04,-7.235337,54.718048,BELLVIEW COURT,Criminal damage and arson,BT521RY
2017-02,-5.919989,54.667891,DERRYCOOLE WALK,Vehicle crime,BT379HD
2017-01,-5.968318,54.60959,BALLYGOMARTIN ROAD,Drugs,BT133NA
2016-08,-5.948623,54.614002,OLDPARK ROAD,Anti-social behaviour,BT146QS
2017-04,-5.930157,54.594127,CLARENCE STREET,Vehicle crime,BT435DP
2016-12,-5.902702,54.593942,UPPER FRANK STREET,Anti-social behaviour,BT54NR
2015-11,-6.517281,55.070342,CHARLOTTE STREET,Criminal damage and arson,BT343LF
2017-01,-5.936493,54.607453,CARLISLE CIRCUS,Criminal damage and arson,BT146AT
2016-05,-5.896688,54.574618,KILBRONEY BEND,Violence and sexual offences,BT60EX
2016-08,-6.655349,55.136364,GLEBE AVENUE,Bicycle theft,BT522EP
2015-03,-5.642429,54.65124,FERNBANK PARK,Anti-social behaviour,BT196GB
2015-10,-6.25409,55.200171,CASTLE STREET,Burglary,BT307QQ
2015-04,-5.961387,54.607048,GLENVALE STREET,Anti-social behaviour,BT133DD
2017-03,-6.274047,54.866408,BALLYMONEY STREET,Violence and sexual offences,BT436AN
2017-07,-6.660878,55.137494,ARTILLERY ROAD,Anti-social behaviour,BT522AJ
2017-05,-7.323365,55.021332,CARNHILL,Anti-social behaviour,BT488BA
2016-04,-5.936318,54.641781,ANTRIM ROAD,Violence and sexual offences,BT152AH
2017-10,-6.055304,55.120205,LAYDE ROAD,Criminal damage and arson,BT440NQ
2017-03,-5.663851,54.595226,GRANGEVILLE PARK,Criminal damage and arson,BT238TE
2017-12,-5.699252,54.593389,MILL STREET,Anti-social behaviour,BT941GR
2016-02,-5.879175,54.585445,HOUSTON GARDENS,Anti-social behaviour,BT56AU
2017-10,-6.170687,54.238932,LISSIZE PARK,Anti-social behaviour,BT345DF
2016-05,-5.939027,54.62622,KENBELLA PARADE,Violence and sexual offences,BT155DX
2016-09,-6.191131,54.719529,ANDRAID CLOSE,Anti-social behaviour,BT411RF
2015-02,-6.327641,54.174384,YEW TREE PARK,Violence and sexual offences,BT342QP
2017-07,-7.473778,54.829522,LIFFORD ROAD,Shoplifting,BT828ER
2015-01,-5.935054,54.598569,KING STREET,Other theft,BT16BF
2016-03,-6.744168,54.623344,RIVERDALE DRIVE,Anti-social behaviour,BT344XR
2015-05,-6.794445,54.639397,OAKLAND VILLAS,Violence and sexual offences,BT797LG
2015-06,-5.928635,54.592727,ORMEAU AVENUE,Violence and sexual offences,BT28HB
2015-03,-5.994035,54.996449,CURRAGH HILL,Anti-social behaviour,BT440JB
2017-01,-6.621338,54.116183,KILTYBANE ROAD,Other crime,BT350LQ
2017-09,-5.868135,54.691868,MOYARD GARDENS,Violence and sexual offences,BT388XD
2015-06,-5.923914,54.610993,MIDLAND CRESCENT,Anti-social behaviour,BT151FD
2015-01,-5.953249,54.577062,RATHCOOL STREET,Other crime,BT97GA
2017-02,-5.933433,54.617122,CLANCHATTAN STREET,Violence and sexual offences,BT153AX
2015-03,-6.053481,54.502902,BEECHLAND DRIVE,Anti-social behaviour,BT281HS
2016-11,-6.941214,55.038719,GLENLEA PARK,Burglary,BT42QG
2016-06,-6.977879,54.41537,RAVELLA ROAD,Shoplifting,BT696HL
2016-02,-6.438146,54.425694,BRIDGE STREET,Shoplifting,BT281XZ
2016-08,-5.939967,54.504615,MOSS ROAD,Vehicle crime,BT222DS
2015-06,-5.701667,54.592554,MILL STREET COURT,Violence and sexual offences,BT234JE
2015-01,-6.668697,55.132495,CHURCH LANE,Violence and sexual offences,BT14QN
2015-04,-6.33856,54.178201,EDWARD STREET,Anti-social behaviour,BT666DD
2017-10,-5.967206,54.63065,TYNDALE GROVE,Anti-social behaviour,BT148HP
2015-05,-6.421413,55.181853,MOYCRAIG ROAD,Criminal damage and arson,BT538QZ
2015-10,-6.458214,54.422241,DEER PARK,Criminal damage and arson,BT624BG
2015-01,-6.022237,54.063859,FEARON CLOSE,Public order,BT344ER
2016-12,-7.621273,54.346372,TONYSTICK MEWS,Violence and sexual offences,BT746FD
2017-05,-7.301805,54.588543,COOLNAGARD MEADOWS,Violence and sexual offences,BT781AU
2015-07,-6.949045,55.044312,JOSEPHINE TERRACE,Anti-social behaviour,BT499AY
2017-02,-6.036982,54.509581,UNION BRIDGE,Violence and sexual offences,
2015-09,-6.051407,54.510479,CHAPEL HILL,Violence and sexual offences,BT342EX
2016-03,-6.025879,54.565259,COLINMILL,Vehicle crime,BT170AP
2016-04,-7.314351,54.599529,STRULE PARK,Anti-social behaviour,BT785HW
2017-10,-6.278889,54.864986,GEORGE STREET,Anti-social behaviour,BT666BL
2016-05,-6.145162,54.410704,CIRCULAR ROAD,Anti-social behaviour,BT234EU
2016-09,-5.576717,54.620137,KILLAUGHEY ROAD,Violence and sexual offences,BT210BE
2016-04,-5.919668,54.545527,BESTS HILL,Anti-social behaviour,BT87WH
2016-02,-5.954923,54.668935,ANTRIM ROAD,Anti-social behaviour,BT152AH
2015-03,-5.915143,54.596349,LAGANBANK ROAD,Drugs,BT13LT
2017-08,-5.927533,54.599788,HIGH STREET,Drugs,BT248AB
2016-04,-6.275819,54.868688,THOMAS STREET,Shoplifting,BT701HN
2016-08,-5.894279,54.589546,QUINTON STREET,Anti-social behaviour,BT55GR
2015-06,-6.751524,54.640983,RATHEEN AVENUE,Criminal damage and arson,BT808HL
2016-07,-7.3196,54.992522,CARLISLE ROAD,Anti-social behaviour,BT152PT
2016-03,-6.814089,54.788575,RIVER ROAD,Anti-social behaviour,BT179DS
2015-05,-5.699039,54.594157,REGENT STREET,Violence and sexual offences,BT234LP
2016-05,-7.379497,54.715953,OLDCASTLE ROAD,Other theft,BT784HX
2015-04,-6.332962,54.455779,RUSSELL DRIVE,Anti-social behaviour,BT668HE
2016-04,-6.121439,54.545335,WHINNEY HILL,Other theft,BT283UZ
2016-08,-5.896944,54.600877,TAMAR STREET,Other theft,BT41HS
2015-05,-5.95204,54.604239,SHANKILL ROAD,Anti-social behaviour,BT131FD
2017-10,-7.464889,54.818092,MOUNT SION,Criminal damage and arson,BT829AT
2017-01,-5.487644,54.546603,HAWTHORN RISE,Anti-social behaviour,BT222UG
2015-02,-5.666286,54.663536,HIGH STREET,Anti-social behaviour,BT248AB
2017-12,-5.931955,54.603844,UNION STREET,Violence and sexual offences,BT536HT
2017-09,-6.341419,54.465904,RECTORY PARK,Violence and sexual offences,BT666HP
2016-08,-5.930334,54.599189,CASTLE STREET,Anti-social behaviour,BT307QQ
2016-12,-5.922125,54.602355,DONEGALL QUAY,Anti-social behaviour,BT13NJ
2017-05,-6.025913,54.509517,MEETING HOUSE LANE,Violence and sexual offences,BT275BY
2015-05,-5.911218,54.688953,CASHEL DRIVE,Anti-social behaviour,BT370EY
2016-12,-5.836015,54.862921,BALLYCRAIGY RING,Anti-social behaviour,BT402EY
2015-11,-6.65691,54.356003,BOYDS ROW,Anti-social behaviour,BT617JR
2017-01,-5.936572,54.608029,ANNESLEY STREET,Theft from the person,BT146AJ
2016-08,-6.0067,54.55304,SUNNYMEDE PARK,Anti-social behaviour,BT170PU
2016-08,-6.190151,54.505475,WELLINGTON PARKS,Anti-social behaviour,BT670QN
2016-06,-6.046618,54.552559,MOUNT EAGLES AVENUE,Violence and sexual offences,BT170GT
2015-07,-5.931399,54.62335,SKEGONEILL DRIVE,Anti-social behaviour,BT153FY
2017-01,-6.273808,54.858867,CASEMENT STREET,Anti-social behaviour,BT424BY
2015-03,-6.001091,54.55204,KINGSWAY,Drugs,BT179EW
2016-05,-5.778462,54.592839,OLD MILL RISE,Drugs,BT161WE
2017-09,-5.952522,54.619297,CLIFTON COURTYARD,Criminal damage and arson,BT146RS
2017-06,-6.296579,54.429961,BANBRIDGE ROAD,Violence and sexual offences,BT252NF
2016-06,-6.015862,54.569992,RIVERSIDE MEWS,Criminal damage and arson,BT414DX
2015-04,-6.074928,54.520901,MOLYNEAUX WALK,Public order,BT282XW
2015-11,-6.186448,55.201744,BLACKPARK ROAD,Anti-social behaviour,BT413SL
2015-12,-5.928554,54.600102,WINECELLAR ENTRY,Anti-social behaviour,BT11QN
2017-06,-5.886211,54.590277,GLENHOY DRIVE,Drugs,BT55LB
2015-03,-7.320825,55.029115,FERN PARK,Criminal damage and arson,BT488HF
2017-10,-7.346697,54.989275,RATHLIN DRIVE,Anti-social behaviour,BT489RR
2015-08,-6.497059,55.069816,GORDONVILLE PARK,Other theft,BT537EU
2015-05,-5.68888,54.591565,GREENWELL STREET,Criminal damage and arson,BT237LP
2016-06,-6.738841,54.634905,CASTLE COURT,Violence and sexual offences,BT808QJ
2016-06,-5.776486,54.592182,OLD MILL GROVE,Anti-social behaviour,BT161WB
2017-10,-6.045244,54.516022,COOLSARA PARK,Other theft,BT283BG
2015-06,-6.074377,55.049596,KILMORE ROAD,Anti-social behaviour,BT309HJ
2017-10,-5.670828,54.644026,BALLOO LINK,Anti-social behaviour,BT197HJ
2016-02,-5.890631,54.215709,DUNWELLAN PARK,Violence and sexual offences,BT330DD
2015-09,-6.58238,54.593393,KILLYCOLPY ROAD,Anti-social behaviour,BT715NS
2015-07,-6.252546,54.100358,CHURCH LANE,Shoplifting,BT14QN
2016-03,-5.941799,54.616717,WOODLAND AVENUE,Criminal damage and arson,BT146BY
2017-10,-7.311381,54.991676,SPENCER ROAD,Other crime,BT476AA
2017-09,-6.073096,54.388209,MAYFIELD AVENUE,Anti-social behaviour,BT252NP
2016-07,-5.951492,54.256988,BURREN WALK,Violence and sexual offences,BT319AF
2016-02,-6.020335,54.5664,HAZELWOOD AVENUE,Anti-social behaviour,BT170SY
2017-04,-6.030363,54.562376,SALLY GARDENS LANE,Anti-social behaviour,
2015-04,-6.044998,54.543467,BARLEYWOOD MILL,Anti-social behaviour,BT283RZ
2015-11,-5.886732,54.526419,MOURNE VIEW,Burglary,BT342LT
2017-06,-6.334837,54.187754,BELFAST ROAD,Anti-social behaviour,BT248EB
2016-07,-5.934882,54.589437,DONEGALL ROAD,Violence and sexual offences,BT126HN
2015-02,-5.918531,54.568455,MOYALLON GARDENS,Other theft,BT73JQ
2016-12,-5.926512,54.597057,MONTGOMERY STREET,Anti-social behaviour,BT14NX
2016-12,-6.020343,54.551566,THORNHILL CRESCENT,Anti-social behaviour,BT170RH
2015-12,-7.311512,54.98679,ROSECOURT,Criminal damage and arson,BT472DU
2015-10,-6.670388,55.128804,NEW ROW,Shoplifting,BT521AF
2015-10,-5.708843,54.593715,CIRCULAR ROAD,Other theft,BT234EU
2015-05,-6.254934,54.346698,CHINAULEY PARK,Anti-social behaviour,BT324JL
2016-12,-6.604751,54.74707,LECKAGH DRIVE,Criminal damage and arson,BT456JS
2016-12,-5.742208,54.555363,DUNSY WAY,Anti-social behaviour,BT235DF
2017-04,-5.924849,54.597496,SEYMOUR STREET,Shoplifting,BT536JR
2016-06,-7.637158,54.351586,CORNAGRADE ROAD,Violence and sexual offences,BT746DX
2016-07,-5.940625,54.625232,VANCOUVER DRIVE,Anti-social behaviour,BT155BY
2016-03,-5.932902,54.58669,MOUNT CHARLES,Criminal damage and arson,BT324DF
2015-04,-5.956942,54.616677,JAMAICA STREET,Violence and sexual offences,BT147QF
2016-06,-6.215359,54.491412,STATION ROAD,Vehicle crime,BT41RF
2016-09,-5.944298,54.604,MALVERN STREET,Anti-social behaviour,BT131JB
2016-07,-5.904654,54.594192,THE MOUNT,Violence and sexual offences,BT54NA
2015-07,-5.700585,54.326091,BALLYHORNAN ROAD,Violence and sexual offences,BT307AB
2017-08,-5.983666,54.578445,FRUITHILL COURT,Anti-social behaviour,BT118FZ
2015-12,-7.632114,54.361803,LAWNAKILLA PARK,Anti-social behaviour,BT747JN
2016-10,-5.820508,54.86365,PARKLANDS,Anti-social behaviour,BT414NH
2017-03,-5.676548,54.655647,CHURCH STREET,Anti-social behaviour,BT343HN
2017-09,-5.939635,54.586005,MINDS WAY,Anti-social behaviour,BT96PU
2016-12,-5.768592,54.528268,OLD BALLYGOWAN ROAD,Criminal damage and arson,BT235NP
2017-05,-5.911138,54.656094,MERVILLE GARDEN VILLAGE,Anti-social behaviour,BT379TZ
2015-06,-6.607817,54.75096,GREENVALE PARK,Criminal damage and arson,BT456DP
2016-03,-5.914401,54.660166,ARMOY GARDENS,Anti-social behaviour,BT379AU
2017-11,-5.930446,54.599424,ROYAL AVENUE,Shoplifting,BT11DD
2017-09,-5.927533,54.599788,HIGH STREET,Violence and sexual offences,BT248AB
2017-11,-5.913227,54.603864,QUEENS ROAD,Shoplifting,BT39FB
2016-07,-5.873507,54.602777,EDGCUMBE GARDENS,Burglary,BT42EG
2017-06,-5.69974,54.578985,BLENHEIM DRIVE,Other crime,BT234RB
2015-01,-5.897391,54.571791,STRACAM CORNER,Violence and sexual offences,BT60EN
2015-12,-6.200448,54.897503,THE COMMONS,Criminal damage and arson,BT922BD
2015-08,-6.34264,54.174627,CORN MARKET,Criminal damage and arson,BT358BG
2016-01,-6.209613,54.728042,STILES WAY,Violence and sexual offences,BT412TA
2017-08,-5.832626,54.461539,COMBER STREET,Criminal damage and arson,BT247AZ
2015-03,-6.65572,54.351012,UPPER ENGLISH STREET,Other theft,BT617BA
2015-01,-6.025781,54.564413,COLINMILL,Criminal damage and arson,BT170AP
2017-04,-5.886986,54.592042,WOODCOT AVENUE,Violence and sexual offences,BT55JB
2016-08,-5.440797,54.466048,GOWLAND HOLLOW,Anti-social behaviour,BT221HD
2016-08,-6.650306,54.347735,THE MALL WEST,Anti-social behaviour,BT619AJ
2017-05,-6.340799,54.180442,CATHERINE STREET,Anti-social behaviour,BT499DA
2016-09,-7.546824,54.28429,DERRYHARNEY ROAD,Anti-social behaviour,BT945HY
2015-10,-5.970868,54.624602,SILVERSTREAM DRIVE,Criminal damage and arson,BT203LW
2015-10,-5.96077,54.669195,FARMLEY CRESCENT,Anti-social behaviour,BT367TX
2015-08,-7.306166,54.601351,CASTLE STREET,Vehicle crime,BT307QQ
2015-05,-5.901032,54.588504,OMEATH STREET,Anti-social behaviour,BT68ND
2016-06,-5.888186,54.575737,STIRLING AVENUE,Anti-social behaviour,BT234XL
2016-12,-5.9573,54.595316,VIOLET STREET,Anti-social behaviour,BT127AN
2017-07,-6.078468,54.529053,KNIGHTSBRIDGE,Burglary,BT476FE
2016-05,-5.896002,54.615534,QUEENS ROAD,Violence and sexual offences,BT39FB
2016-12,-6.2771,54.866407,HIGH STREET,Shoplifting,BT248AB
2015-05,-5.685947,54.656878,GRANGE ROAD,Anti-social behaviour,BT521NG
2015-10,-5.906998,54.587116,IMPERIAL DRIVE,Anti-social behaviour,BT68JH
2016-11,-5.952884,54.679889,FERNDALE ROAD,Violence and sexual offences,BT365AS
2017-04,-5.927095,54.60262,HILL STREET,Anti-social behaviour,BT12LB
2017-10,-5.663461,54.66279,ALFRED STREET,Violence and sexual offences,BT28EP
2017-12,-6.278889,54.864986,GEORGE STREET,Anti-social behaviour,BT666BL
2017-01,-6.197667,54.722645,CENTRAL PARK,Violence and sexual offences,BT411DQ
2017-03,-5.683231,54.656673,RUGBY AVENUE,Anti-social behaviour,BT203PZ
2017-07,-7.356044,55.011395,ST. EITHNE'S PARK,Anti-social behaviour,BT480LE
2015-06,-7.179193,55.023077,GLENRANDEL,Violence and sexual offences,BT473XN
2016-07,-6.346496,54.889158,ARD-NA-MAINE,Violence and sexual offences,BT421BY
2015-06,-5.922319,54.584882,RUTLAND STREET,Shoplifting,BT72FJ
2016-12,-5.943826,54.575285,CLEAVER COURT,Anti-social behaviour,BT95LX
2015-09,-5.844645,54.581061,MARLFIELD DRIVE,Criminal damage and arson,BT57PJ
2016-05,-6.013387,54.569682,HORN DRIVE,Other theft,BT119GS
2017-10,-6.313822,54.748979,SHANES COURT,Other theft,BT412AQ
2017-01,-5.971399,54.692914,BALLYCLARE ROAD,Violence and sexual offences,BT365EA
2016-02,-7.17402,54.645879,KILLINS WOOD AVENUE,Vehicle crime,BT797UT
2015-04,-6.668087,55.129156,NEW MARKET STREET,Possession of weapons,BT521EH
2017-04,-6.927591,55.046873,NEWTON ROAD,Anti-social behaviour,BT490UD
2017-05,-6.522473,55.059464,BANN ROAD,Anti-social behaviour,BT448SZ
2017-06,-6.226574,54.723916,CORAL CRESCENT,Shoplifting,BT414LW
2015-06,-5.919676,54.654902,LONGWOOD ROAD,Anti-social behaviour,BT379UH
2017-02,-6.405679,54.353088,WOODVIEW PARK,Violence and sexual offences,BT622DD
2015-04,-7.352398,55.010693,GRANGEMORE PARK,Drugs,BT480RY
2015-12,-5.81617,54.850831,QUAY STREET,Criminal damage and arson,BT307SA
2015-11,-7.308804,54.994392,CROSS STREET,Anti-social behaviour,BT309QG
2016-05,-6.209613,54.728042,STILES WAY,Anti-social behaviour,BT412TA
2015-08,-6.670365,54.843681,MAIN STREET,Other theft,BT936HW
2015-12,-6.414667,54.355731,CHURCH STREET,Shoplifting,BT343HN
2015-10,-6.047476,54.561135,OLD COLIN ROAD,Anti-social behaviour,BT170NS
2016-10,-5.90258,54.591182,WILLOWFIELD STREET,Criminal damage and arson,BT69AU
2016-03,-7.31029,54.981546,HOLLYMOUNT PARK,Anti-social behaviour,BT473UW
2015-01,-6.658787,54.34279,IRISH STREET,Other theft,BT701DB
2016-02,-7.353286,55.012818,ST. EITHNE'S PARK,Drugs,BT480LE
2015-04,-5.897453,54.400731,DROMORE STREET,Anti-social behaviour,BT68PF
2017-02,-6.263404,54.85853,KINTYRE PARK,Anti-social behaviour,BT424AN
2016-08,-6.031369,54.54312,DERRIAGHY ROAD,Anti-social behaviour,BT283SH
2017-04,-5.912671,54.59203,BALLARAT STREET,Anti-social behaviour,BT68FX
2017-09,-5.931179,54.593507,BEDFORD STREET,Violence and sexual offences,BT27EN
2017-12,-6.329145,54.176579,CHURCH STREET,Anti-social behaviour,BT343HN
2017-07,-5.668506,54.659688,MARKET STREET,Other theft,BT622BP
2016-07,-5.932404,54.586753,BOTANIC AVENUE,Anti-social behaviour,BT71JL
2017-06,-6.061549,54.511532,SLEMISH WAY,Violence and sexual offences,BT118GW
2015-09,-5.70875,54.759116,HILLSIDE PARK,Vehicle crime,BT235SN
2017-07,-6.523535,55.199257,ESDALE PARK,Anti-social behaviour,BT578RB
2015-10,-7.697657,54.665018,AGHALOUGHER ROAD,Criminal damage and arson,BT817EX
2017-03,-6.456129,54.412539,BROWNSTOWN ROAD,Anti-social behaviour,BT623PZ
2016-04,-5.905794,54.687665,TYNAN CLOSE,Violence and sexual offences,BT370JH
2015-07,-7.309593,54.985746,VIRGINIA COURT,Criminal damage and arson,BT472DX
2015-07,-6.276372,54.855732,WAKEHURST ROAD,Criminal damage and arson,BT423LJ
2015-04,-5.673277,54.633713,ARDVANAGH MANOR,Anti-social behaviour,BT237XH
2017-06,-6.219045,54.807423,TEMPLEMOYLE,Criminal damage and arson,BT423LG
2017-11,-5.739565,54.556176,LINLEY DRIVE,Burglary,BT235DD
2015-07,-6.187701,54.502941,THE MEADOWS,Other theft,BT412JB
2015-01,-7.455011,54.258423,CARROWSHEE PARK,Violence and sexual offences,BT920FS
2017-09,-5.96098,54.59289,DAIRY STREET,Anti-social behaviour,BT57GJ
2015-05,-6.33339,54.168902,CHAPEL STREET,Anti-social behaviour,BT808QD
2015-01,-5.864619,54.576842,GLENVIEW GARDENS,Public order,BT57LY
2017-02,-5.947648,54.59863,ROSS STREET,Anti-social behaviour,BT124EA
2017-09,-6.485062,54.874202,ORCHARD BANK,Anti-social behaviour,BT448DU
2017-11,-6.756895,54.516172,LAMBFIELD DRIVE,Burglary,BT716GG
2016-11,-5.787917,54.504883,BRAE PARK,Anti-social behaviour,BT235TR
2015-08,-7.353954,54.954721,PRIMITY CRESCENT,Criminal damage and arson,BT472RB
2015-08,-7.324318,55.006489,NORTHLAND ROAD,Violence and sexual offences,BT480AL
2017-01,-6.184973,54.732986,BUSH ROAD,Anti-social behaviour,BT716QE
2015-04,-6.366601,54.45366,PINEBANK,Criminal damage and arson,BT655DA
2016-11,-5.704737,54.663364,SEYMOUR AVENUE,Burglary,BT191BN
2015-02,-6.63132,55.118229,WINDYHALL PARK,Anti-social behaviour,BT521TX
2015-05,-6.02777,54.519054,DELACHEROIS AVENUE,Anti-social behaviour,BT274TR
2015-06,-6.002595,54.059698,IRVINGTON PARK,Violence and sexual offences,BT344LX
2015-06,-5.95348,54.247847,BURRENBRIDGE ROAD,Criminal damage and arson,BT319HT
2015-03,-5.966845,54.675111,ANTRIM ROAD,Criminal damage and arson,BT152AH
2017-03,-5.938519,54.620947,ROSEMOUNT GARDENS,Violence and sexual offences,BT155AG
2016-01,-5.9171,54.578018,SOMERSET STREET,Anti-social behaviour,BT72GS
2016-09,-7.420793,54.700293,BARONSCOURT ROAD,Criminal damage and arson,BT88BQ
2017-10,-6.673826,54.689137,SPRINGVALE,Anti-social behaviour,BT457QA
2016-03,-6.0331,54.530264,HILLVIEW GARDENS,Violence and sexual offences,BT274PB
2015-02,-7.324798,55.032802,EDEROWEN PARK,Criminal damage and arson,BT488NZ
2016-10,-5.936543,54.628793,FORTWILLIAM GARDENS,Anti-social behaviour,BT154BS
2017-03,-5.969898,54.612052,RUTHERGLEN STREET,Anti-social behaviour,BT133LR
2016-08,-7.317455,55.021317,CARNHILL,Anti-social behaviour,BT488BA
2015-02,-7.310228,54.988804,FOUNTAIN HILL,Anti-social behaviour,BT472BU
2017-06,-7.298579,54.996534,SHEARWATER WAY,Violence and sexual offences,BT476LF
2017-04,-7.627793,54.343024,TEMPO ROAD,Violence and sexual offences,BT746HR
2015-09,-5.926512,54.597057,MONTGOMERY STREET,Anti-social behaviour,BT14NX
2016-10,-5.668506,54.659688,MARKET STREET,Violence and sexual offences,BT622BP
2017-05,-6.208651,54.711856,GREENVALE GROVE,Anti-social behaviour,BT411SW
2017-11,-6.40179,54.356577,MADDEN ROAD,Other theft,BT622DG
2016-10,-6.663686,55.133707,RAILWAY PLACE,Anti-social behaviour,BT521PQ
2016-09,-5.921768,54.63881,SHORE CRESCENT,Criminal damage and arson,BT154JS
2015-10,-5.890845,54.558703,GARLAND AVENUE,Other crime,BT666JH
2015-08,-5.937931,54.591565,BOYNE COURT,Anti-social behaviour,BT125BL
2017-08,-5.841148,54.863929,KYLEMORE GARDENS,Anti-social behaviour,BT797LL
2017-03,-5.696948,54.59392,FRANCES STREET,Anti-social behaviour,BT237DY
2016-01,-7.321199,54.592489,DRUMANNON GROVE,Burglary,BT785FB
2017-02,-6.017968,54.379832,DROMORE STREET,Other theft,BT68PF
2016-06,-5.926512,54.597057,MONTGOMERY STREET,Shoplifting,BT14NX
2017-12,-6.076507,54.518536,CHURCH SQUARE,Anti-social behaviour,BT345PT
2016-10,-6.271533,54.42019,MILLTOWN ROAD,Criminal damage and arson,BT667NF
2015-02,-6.192257,54.509883,WILLOW LODGE,Violence and sexual offences,BT282WL
2015-11,-5.930588,54.606372,LANCASTER STREET,Violence and sexual offences,BT151EZ
2015-06,-5.995493,54.572891,FINAGHY ROAD NORTH,Violence and sexual offences,BT119EG
2015-06,-5.564218,54.659558,THE CRANAGH,Anti-social behaviour,BT210ET
2015-01,-6.613068,54.752727,WESTLAND DRIVE,Anti-social behaviour,BT146NG
2017-04,-6.351386,54.189994,LARCHMOUNT,Shoplifting,
2016-09,-7.640938,54.344887,PAGET SQUARE,Criminal damage and arson,BT747HS
2017-07,-6.047749,54.504939,ELMWOOD DRIVE,Violence and sexual offences,BT203LJ
2016-02,-7.31798,54.995944,FOYLE STREET,Violence and sexual offences,BT486XY
2016-01,-6.080286,54.525874,BROKERSTOWN ROAD,Possession of weapons,BT282EE
2017-01,-5.930154,54.597254,DONEGALL SQUARE NORTH,Anti-social behaviour,BT15GB
2017-05,-6.669365,55.135512,RIVERSDALE ROAD,Anti-social behaviour,BT472PG
2016-08,-7.319076,54.607542,HUNTERS CRESCENT,Violence and sexual offences,
2015-08,-7.285604,54.608346,CASTLEVIEW PARK,Anti-social behaviour,BT797SG
2017-09,-6.514163,54.439537,TIMAKEEL MANOR,Anti-social behaviour,BT621ST
2017-05,-5.930334,54.599189,CASTLE STREET,Anti-social behaviour,BT307QQ
2017-04,-7.314832,54.985398,CELANDINE COURT,Violence and sexual offences,BT472EN
2017-04,-6.359474,54.37352,DUNBARTON STREET,Anti-social behaviour,BT636HJ
2015-12,-5.928815,54.618427,ALEXANDRA PARK AVENUE,Anti-social behaviour,BT153GB
2016-01,-5.929947,54.611698,MEADOW PLACE,Violence and sexual offences,BT152AS
2017-08,-5.530923,54.61461,DONAGHADEE ROAD,Burglary,BT237HB
2016-08,-5.758467,54.39327,WESTLAND CLOSE,Anti-social behaviour,BT309HQ
2016-09,-5.919718,54.579159,ORMEAU ROAD,Shoplifting,BT73GA
2015-11,-6.354421,54.200351,CARNBANE GARDENS,Criminal damage and arson,BT356QB
2015-12,-5.93895,54.598042,GALWAY STREET,Robbery,BT124AF
2016-04,-7.481372,54.367143,PUBBLE ROAD,Anti-social behaviour,BT943NB
2016-08,-5.94863,54.593256,RODEN WAY,Criminal damage and arson,BT125RE
2015-02,-6.35914,54.115669,NEWTOWN ROAD,Other crime,BT358NN
2015-08,-5.775389,54.384184,KILMORE ROAD,Violence and sexual offences,BT309HJ
2016-01,-6.0067,54.55304,SUNNYMEDE PARK,Anti-social behaviour,BT170PU
2016-12,-6.78403,54.503574,ASHDENE,Anti-social behaviour,BT701JL
2016-08,-5.95079,54.598612,CONWAY STREET,Criminal damage and arson,BT132DE
2017-08,-6.322536,54.750456,PORTGLENONE ROAD,Violence and sexual offences,BT413BE
2017-06,-5.931537,54.619093,ALEXANDRA PARK AVENUE,Anti-social behaviour,BT153GB
2016-01,-5.937988,54.601449,SACKVILLE COURT,Vehicle crime,BT487BD
2015-10,-5.910999,54.555189,BREDA TERRACE,Anti-social behaviour,BT87BY
2015-02,-5.874324,54.609665,INVERNOOK PARK,Vehicle crime,BT41RL
2017-03,-7.325719,54.999373,BREWSTERS CLOSE,Anti-social behaviour,BT486AH
2017-12,-6.542804,55.214339,BALLAGHMORE AVENUE,Anti-social behaviour,BT578RX
2017-12,-5.927653,54.600778,WARING STREET,Anti-social behaviour,BT424BU
2016-10,-6.576241,54.1928,ARMAGH STREET,Anti-social behaviour,BT350BY
2017-05,-7.305695,54.60178,RIVER ROW,Violence and sexual offences,BT781DB
2015-05,-6.770961,54.503352,SCOTCH STREET,Shoplifting,BT306AN
2016-05,-5.934633,54.597106,COLLEGE SQUARE EAST,Anti-social behaviour,BT357DH
2017-11,-6.081189,54.520785,WINDERMERE AVENUE,Criminal damage and arson,BT282WX
2016-09,-5.89747,54.401603,HIGH STREET,Anti-social behaviour,BT248AB
2016-09,-5.902702,54.593942,UPPER FRANK STREET,Vehicle crime,BT54NR
2015-07,-5.928265,54.587203,CROMWELL ROAD,Vehicle crime,BT71JW
2015-01,-7.447432,54.24803,TRASNA WAY,Burglary,BT920LU
2016-02,-5.712283,54.593914,MANSE ROAD,Violence and sexual offences,BT344BN
2015-02,-6.058467,54.513998,HILLSIDE GARDENS,Drugs,BT196SJ
2015-10,-7.334804,55.028276,THE MEADOWS,Burglary,BT412JB
2017-06,-6.440757,54.407651,WENTWORTH GREEN,Anti-social behaviour,BT623WG
2017-08,-6.275504,54.858541,PARADISE AVENUE,Burglary,BT423AE
2015-07,-5.947486,54.252687,O'DONNELL CLOSE,Violence and sexual offences,BT319TT
2016-05,-6.253705,54.098623,HAVELOCK PLACE,Other theft,BT343NE
2015-07,-5.933537,54.601939,WINETAVERN STREET,Shoplifting,BT11JQ
2017-03,-5.715611,54.322926,THOMAS RUSSELL PARK,Violence and sexual offences,BT306NH
2015-06,-5.982872,54.594811,BALLYMURPHY CRESCENT,Criminal damage and arson,BT127JH
2017-10,-7.277917,54.998614,DURHAM PARK,Shoplifting,BT475YD
2017-07,-6.004084,54.748408,HEATHER PARK,Anti-social behaviour,BT399EL
2017-04,-6.444403,54.41874,GEORGE STREET,Anti-social behaviour,BT666BL
2015-11,-6.212628,54.587875,OAK GROVE MANOR,Other theft,BT294ZS
2016-10,-6.01293,54.754267,THORNHILL PARADE,Anti-social behaviour,BT399RE
2016-07,-5.930117,54.652844,MULDERG DRIVE,Criminal damage and arson,BT367JY
2017-01,-5.959533,54.691376,CARN CRESCENT,Anti-social behaviour,BT365UZ
2016-09,-7.313421,54.991175,DUKE STREET,Anti-social behaviour,BT343JY
2016-07,-7.335647,54.991514,CELTIC COURT,Drugs,BT489LG
2015-04,-5.896227,54.107422,THE MOORINGS,Anti-social behaviour,BT309US
2015-11,-6.445104,54.428713,WOODSIDE GREEN,Anti-social behaviour,BT621EN
2015-12,-7.464175,54.826156,CASTLE STREET,Violence and sexual offences,BT307QQ
2015-01,-6.431276,54.430061,GRANTHAM PARK,Anti-social behaviour,BT635DU
2017-10,-5.848294,54.60544,BELMONT ROAD,Anti-social behaviour,BT42NE
2016-08,-6.948443,55.044576,JOSEPHINE AVENUE,Violence and sexual offences,BT499BA
2016-01,-5.696448,54.592356,SOUTH STREET,Anti-social behaviour,BT234JU
2016-05,-5.927653,54.600778,WARING STREET,Anti-social behaviour,BT424BU
2016-09,-5.828267,54.589412,KINROSS AVENUE,Other theft,BT57GE
2015-12,-7.170831,54.498079,ROUTINGBURN ROAD,Anti-social behaviour,BT790QZ
2016-01,-5.933035,54.62345,GLANDORE AVENUE,Anti-social behaviour,BT153FB
2015-02,-5.965383,54.580627,BOUCHER CRESCENT,Violence and sexual offences,BT126HU
2016-02,-6.450309,54.419813,CRAIGAVON AVENUE,Anti-social behaviour,BT623HE
2017-02,-6.797413,54.791034,STRAWMORE ROAD,Violence and sexual offences,BT457JE
2017-09,-7.643201,54.348164,QUEEN STREET,Other theft,BT422BQ
2017-06,-8.090082,54.415199,MAIN STREET,Burglary,BT936HW
2017-03,-5.990915,54.676213,BLACKWATER BUSINESS PARK,Other theft,
2017-03,-5.695695,54.594453,NORTH STREET,Violence and sexual offences,BT341DB
2017-09,-5.948278,54.61379,OLDPARK ROAD,Burglary,BT146QS
2017-10,-7.286481,55.001198,SEYMOUR GARDENS,Anti-social behaviour,BT476ND
2016-02,-6.215359,54.491412,STATION ROAD,Anti-social behaviour,BT41RF
2016-02,-5.94748,54.632402,CAVEHILL ROAD,Vehicle crime,BT155EY
2015-01,-7.320469,54.996614,SHIPQUAY STREET,Anti-social behaviour,BT486DN
2016-08,-7.290206,54.976068,IVY MEAD,Burglary,BT473WW
2017-09,-5.663009,54.663374,HIGH STREET,Anti-social behaviour,BT248AB
2016-08,-6.04346,54.508428,HILL STREET,Anti-social behaviour,BT12LB
2016-02,-5.889098,54.219627,MOURNE PARK,Anti-social behaviour,BT784BL
2017-10,-6.196921,54.101927,CHURCH STREET,Anti-social behaviour,BT343HN
2015-09,-5.934622,54.595794,HOWARD STREET,Anti-social behaviour,BT16PJ
2016-08,-7.267038,55.034794,CLONMEEN DRIVE,Violence and sexual offences,BT476UX
2016-01,-6.161015,54.40755,MILLTURN VIEW,Anti-social behaviour,BT251HG
2015-02,-7.322053,54.999964,STRAND ROAD,Violence and sexual offences,BT487AD
2017-05,-5.932635,54.591645,VENTRY STREET,Bicycle theft,BT27JP
2017-04,-5.663461,54.66279,ALFRED STREET,Anti-social behaviour,BT28EP
2017-07,-6.351678,54.174185,ALTMORE GARDENS,Violence and sexual offences,BT358EX
2016-03,-5.930154,54.597254,DONEGALL SQUARE NORTH,Anti-social behaviour,BT15GB
2015-12,-5.92881,54.585317,CARMEL STREET,Criminal damage and arson,BT71QE
2017-09,-5.937749,54.582001,WELLESLEY AVENUE,Other theft,BT96DG
2017-05,-5.998258,54.750971,MAIN STREET,Anti-social behaviour,BT936HW
2015-08,-5.830943,54.72696,COLLIN HEIGHTS,Anti-social behaviour,BT388NU
2017-02,-6.659032,54.346108,NAVAN STREET,Criminal damage and arson,BT617EU
2017-08,-5.892035,54.577574,MONTGOMERY ROAD,Criminal damage and arson,BT69EG
2016-07,-5.701912,54.601113,ELM DRIVE,Violence and sexual offences,BT234HF
2017-05,-6.648757,54.348517,THE MALL EAST,Anti-social behaviour,BT619BE
2017-02,-5.808167,54.729874,CARNHILL WALK,Criminal damage and arson,BT387RE
2017-02,-6.91881,55.04296,DRUMMOND MANOR,Anti-social behaviour,BT490UP
2015-12,-7.707854,54.680108,AGHYARAN ROAD UPPER,Other theft,BT817YA
2017-10,-7.482997,54.816797,CASTLEGRANGE PARK,Violence and sexual offences,BT829WB
2017-12,-6.045871,54.513229,BACHELORS WALK,Violence and sexual offences,BT281XN
2017-10,-7.320197,55.007131,ROCK TERRACE,Violence and sexual offences,BT487NX
2017-05,-5.904813,54.573609,FLUSH GARDENS,Anti-social behaviour,BT60GN
2017-09,-6.344059,54.454772,COLLINGDALE,Violence and sexual offences,BT668HS
2017-06,-6.613521,54.647639,WINDSOR TERRACE,Anti-social behaviour,BT800ET
2017-10,-5.719564,54.325094,MARKET STREET,Violence and sexual offences,BT622BP
2016-04,-6.344649,54.17416,PETERS PLACE,Anti-social behaviour,BT358EE
2016-05,-6.786481,54.507336,MULLAGHMORE PARK,Violence and sexual offences,BT388RG
2015-07,-7.630614,54.340481,DERRYCHARA ROAD,Shoplifting,BT746JF
2016-05,-5.81827,54.749015,LIBERTY ROAD,Anti-social behaviour,BT389DJ
2016-06,-5.940324,54.625982,SALISBURY AVENUE,Criminal damage and arson,BT155DY
2017-09,-5.756137,54.771215,EDMONSTONE AVENUE,Anti-social behaviour,BT389UA
2016-07,-6.559084,54.950834,NEW ROW,Violence and sexual offences,BT521AF
2017-09,-6.329301,54.464641,CASTLE LANE,Criminal damage and arson,BT235EB
2016-02,-7.37512,54.71911,CASTLE BRAE,Vehicle crime,BT784AS
